epoch,train_loss,lr,optimizer_steps,val_loss,macro_f1,top1,train_seconds,epoch_seconds
1,1.2337231965871847,0.0001,164,0.49623015813233684,0.7871879568817219,0.840902599257355,1666.5960571000032,1852.9051642999984
2,0.3799980343035536,9.698463103929542e-05,164,0.3001735423699817,0.8734010073661833,0.9080262782062268,1695.5561276000008,1882.209045800002
3,0.24641050732546918,8.83022221559489e-05,164,0.19942116130423254,0.917093543007348,0.9368751785204228,1664.2470690000046,1847.6435077999995
4,0.1816934191880225,7.500000000000001e-05,164,0.15417931773890023,0.9407597663506593,0.9551556698086261,1437.6544549999962,1567.7369667999956
5,0.1481848936748021,5.868240888334653e-05,164,0.1469894293179617,0.9408395383750077,0.9557269351613824,1211.6158829999986,1341.2077093999978
6,0.11696736656041339,4.131759111665349e-05,164,0.12798291838375953,0.9431517700966108,0.9580119965724079,1208.3311159000004,1343.269011700002
7,0.09062659673988337,2.500000000000001e-05,164,0.12154311945853966,0.9497565305647322,0.9628677520708369,1171.770066899997,1295.8195436999958
8,0.08730733287559748,1.1697777844051105e-05,164,0.11661021173919688,0.95014308199506,0.9631533847472151,5697.314048999993,5841.052820599994
9,0.07482291476622865,3.0153689607045845e-06,164,0.1126797480768849,0.9551560266981477,0.9662953441873751,1413.4088835000002,1575.8330629999982
10,0.07325713485482904,0.0,164,0.11198543362964293,0.955677995262309,0.9668666095401314,1385.7064119999995,1523.1360600000044
